"circ_id","gene_id","gene_name","FPKM_sample_A","FPKM_sample_B","medRPM_sample_A","medRPM_sample_B","corr"
"CFLAR:13625-33731:+","CFLAR_ENSG00000003402","CFLAR",0,219259,0,5102.04081632653,NA
"CFLAR:29274-33731:+","CFLAR_ENSG00000003402","CFLAR",228095,219259,467625,246335.550794904,1
"CFLAR:44328-47980:+","CFLAR_ENSG00000003402","CFLAR",0,219259,0,5524.86187845304,NA
"HIPK3:29741-30839:+","HIPK3_ENSG00000110422","HIPK3",229043,266772,305803.571428571,721360.920058631,1
"HIPK3:29741-71961:+","HIPK3_ENSG00000110422","HIPK3",0,266772,0,13217.1695707607,NA
